House_Size_m2,Appliances,Temperature_C,Date,Energy_Consumption_kWh
109,6,-4.933627843,1/1/2020,139.06069561636556
157,6,-2.339251935,1/2/2020,140.63418120674586
106,1,-5.431555962,1/3/2020,132.9580347405037
80,1,-7.018320115,1/4/2020,133.57186097356794
133,3,-2.987828107,1/5/2020,135.3719855
85,3,-3.519685153,1/6/2020,130.75021353472206
157,4,-3.860685658,1/7/2020,142.08218876420045
155,2,-4.030023099,1/8/2020,139.0666514553028
135,9,-4.914954398,1/9/2020,144.0640134438452
184,7,-5.334323616,1/10/2020,150.36887452029714
63,7,0.3450676171646554,1/11/2020,124.49747439145227
169,6,-3.756558319,1/12/2020,144.15256855589186
187,3,-5.947165785,1/13/2020,148.34252081093757
129,6,-3.199128543,1/14/2020,138.74872791856183
193,8,-0.7753657,1/15/2020,143.82391791384097
155,8,-5.994281425,1/16/2020,148.59227337051428
119,9,-6.862918624,1/17/2020,147.1748352232822
93,1,-8.171444466,1/18/2020,137.77121913673653
122,1,-0.377942156,1/19/2020,125.98431492692882
94,3,-3.285561209,1/20/2020,131.23317083259758
156,3,-3.189355427,1/21/2020,139.0944453478827
133,8,-6.150358584,1/22/2020,145.35709362381618
131,1,-4.769814948,1/23/2020,135.3992302075846
156,2,-4.381000681,1/24/2020,139.2574223032254
70,2,-4.389540337,1/25/2020,128.94813499102924
56,3,-4.072488792,1/26/2020,128.6831315
119,6,-1.642596298,1/27/2020,134.31904803230753
176,1,-2.297567746,1/28/2020,136.6053007939136
192,2,1.9018907527943754,1/29/2020,134.12898312985925
197,1,-2.213763206,1/30/2020,138.45683776221617
192,5,-0.732312433,1/31/2020,141.1122372183189
198,7,-2.147557051,2/1/2020,146.26885871646297
169,8,-2.825529234,2/2/2020,144.20426677056994
177,1,-2.013410244,2/3/2020,135.95456222882478
191,7,-4.938030701,2/4/2020,150.73266640774386
106,5,-0.529592457,2/5/2020,130.34782669142143
107,1,-4.893017592,2/6/2020,133.36573262728916
70,3,-1.495253929,2/7/2020,124.48046338884527
131,7,0.4747292567404551,2/8/2020,133.0451229245325
118,1,-4.942273588,2/9/2020,134.48894359266774
180,7,-5.452005123,2/10/2020,150.70611667930416
136,5,-5.21883121,2/11/2020,141.8011399403102
98,1,2.746609951940417,2/12/2020,118.45142098016277
196,1,-2.88683858,2/13/2020,139.88772883662844
164,1,1.3509157154535507,2/14/2020,129.79773902962808
138,9,-5.43725179,2/15/2020,145.4853920890724
134,3,-3.701297292,2/16/2020,136.94849242704146
177,5,-2.924506018,2/17/2020,143.1184455705578
189,9,-4.199486777,2/18/2020,159.7996822
166,6,3.640422654956501,2/19/2020,152.859149
176,9,5.053920691860062,2/20/2020,155.0624697
120,8,3.8251747020572924,2/21/2020,148.580638
135,8,-0.240850555,2/22/2020,154.9127947
82,1,4.478289104,2/23/2020,149.3077248
130,9,7.134693124083783,2/24/2020,160.9579169
110,6,3.868070499723289,2/25/2020,156.9668131
110,9,0.6747723905669155,2/26/2020,163.914174
147,3,-0.87591746,2/27/2020,166.5420582
77,3,2.2491863342554708,2/28/2020,151.9416835
92,6,2.764813410301577,2/29/2020,161.3066094
135,9,6.549663469323095,3/1/2020,164.6459096
66,7,1.2786266812748104,3/2/2020,161.2549405
147,3,4.194555275990096,3/3/2020,163.4131844
147,3,-0.113843488,3/4/2020,169.8891746
114,2,6.422957855,3/5/2020,155.0656874
123,9,7.376618291301081,3/6/2020,162.3528159
134,3,5.990106126725545,3/7/2020,159.5607216
54,5,7.286217256136615,3/8/2020,150.4534546
51,9,4.394936335,3/9/2020,155.5525412
71,8,6.060483576610691,3/10/2020,148.4228969
161,2,6.286476485042439,3/11/2020,144.3169189
106,3,5.341827017,3/12/2020,139.873131
115,2,0.3375841419066652,3/13/2020,146.9972163
123,8,3.7620230515112354,3/14/2020,148.0498108
147,6,5.9418493080605375,3/15/2020,147.5751892
193,6,11.140023911795911,3/16/2020,148.5113756
161,9,6.511620888423298,3/17/2020,151.0414931
174,8,8.186748784195586,3/18/2020,150.6057161
135,4,7.638172245,3/19/2020,142.9380386
125,4,7.917745624254907,3/20/2020,140.8026338
137,9,7.606249528426559,3/21/2020,146.0461953
87,1,10.704870647203306,3/22/2020,128.6112149
108,2,12.14065284999551,3/23/2020,133.3171781
187,2,6.7924505162309545,3/24/2020,147.1922674
148,6,7.445666377603736,3/25/2020,146.5604014
112,4,11.394752339326484,3/26/2020,136.0979705
98,3,6.604087295907983,3/27/2020,137.54859
81,3,10.521945831383062,3/28/2020,131.7775869
184,3,7.755526500877233,3/29/2020,147.2094455
70,6,7.981281288058681,3/30/2020,134.6855356
69,8,11.902534221906455,3/31/2020,132.0231161
176,7,8.374659953285834,4/1/2020,149.1241786
117,4,12.699046951962837,4/2/2020,134.9501685
159,4,7.926504132873535,4/3/2020,144.6939967
165,2,18.493548509337952,4/4/2020,136.9644279
192,1,13.265465629170365,4/5/2020,139.8282644
169,9,11.373735525162179,4/6/2020,146.230046
128,2,14.621362758823796,4/7/2020,133.1845347
165,8,9.151992648383818,4/8/2020,142.4037507
141,9,16.34173491287997,4/9/2020,134.8608419
63,4,11.485333134920937,4/10/2020,124.1422541
174,8,14.555489016595159,4/11/2020,140.0197236
107,9,14.830989217153158,4/12/2020,132.0171604
77,5,16.752485332328348,4/13/2020,125.0439638
75,7,6.4050622279363765,4/14/2020,132.3765705
162,4,11.635130689168307,4/15/2020,136.0898381
115,1,15.104402341437636,4/16/2020,124.486442
180,3,14.85245176572606,4/17/2020,136.2392048
93,5,8.903777546168136,4/18/2020,131.5453515
146,3,10.96219168852959,4/19/2020,134.1598533
91,7,20.671279224477072,4/20/2020,128.0401999
55,9,16.83916987392792,4/21/2020,124.0309455
72,6,15.77833011104147,4/22/2020,125.5797929
138,1,15.79234500347774,4/23/2020,127.0745475
172,7,14.588234548607787,4/24/2020,139.159873
196,3,15.625063395289182,4/25/2020,136.1911444
100,5,14.164382344341663,4/26/2020,127.9604436
60,4,19.257714830953006,4/27/2020,119.9198282
61,5,16.96876357527791,4/28/2020,121.6688348
123,5,15.04743260912253,4/29/2020,129.810771
57,6,17.887824504695548,4/30/2020,122.1030998
90,6,16.966343897303048,5/1/2020,126.0539979
134,8,19.50573102700008,5/2/2020,132.618949
121,8,18.031869597484086,5/3/2020,131.9855248
104,9,20.90121787982311,5/4/2020,122.9670314
186,8,15.793506467660203,5/5/2020,134.6933319
96,2,16.430920181855132,5/6/2020,117.4062926
192,1,17.323033173183305,5/7/2020,127.1061491
153,2,16.27220198089636,5/8/2020,125.0327195
91,2,20.16786622679095,5/9/2020,115.6645555
109,3,22.209628509947464,5/10/2020,119.6676004
61,7,16.783744159916207,5/11/2020,118.1633874
179,2,18.597962184508788,5/12/2020,127.2749901
56,1,14.867863013983895,5/13/2020,111.0445058
129,6,24.695021388390167,5/14/2020,126.1406122
180,9,22.65036211492496,5/15/2020,133.8318919
158,3,20.251465352688573,5/16/2020,125.9432506
52,6,22.167279086913645,5/17/2020,115.3867402
76,3,21.68840226229701,5/18/2020,115.7925404
163,1,19.05647396890333,5/19/2020,123.1499793
156,5,23.009622749440926,5/20/2020,128.5625671
89,4,20.42066885269965,5/21/2020,117.7724726
178,7,26.00851089495695,5/22/2020,133.5438477
57,6,21.70276375436344,5/23/2020,117.0926669
150,7,21.329951915850216,5/24/2020,128.4070559
173,5,22.003284507833584,5/25/2020,130.2773376
156,4,18.73649710285642,5/26/2020,128.0384964
150,7,24.387929731590233,5/27/2020,129.7074796
53,7,21.26603697072936,5/28/2020,115.6864589
159,6,23.85888833404544,5/29/2020,130.3371695
68,8,26.68145605846161,5/30/2020,121.3779674
81,4,22.076186077294256,5/31/2020,117.8476992
186,5,22.87433547764059,6/1/2020,132.1671067
61,4,23.654846084562713,6/2/2020,114.7408679
188,1,23.229554275288738,6/3/2020,121.8937175
95,8,27.77905778921658,6/4/2020,119.2117482
168,1,26.204365777228873,6/5/2020,120.6498999
65,5,24.739442662129314,6/6/2020,112.8665254
178,6,23.735202228146452,6/7/2020,126.9292682
112,6,22.836934096124022,6/8/2020,119.0745335
158,5,26.368723361236444,6/9/2020,124.1975271
168,3,24.986684866389822,6/10/2020,123.566826
70,5,23.25761675632278,6/11/2020,111.5930629
62,8,27.879084732617276,6/12/2020,115.7629424
53,2,25.25610640285027,6/13/2020,108.1106742
151,6,23.141510698075695,6/14/2020,123.5843633
108,9,24.60097365438601,6/15/2020,120.6319586
177,8,17.499583168587243,6/16/2020,128.0461441
76,8,24.98445158111982,6/17/2020,116.2150845
118,8,26.271516573363698,6/18/2020,122.4106658
74,7,25.576825823289727,6/19/2020,115.4043964
180,8,24.20458586476959,6/20/2020,128.858451
146,6,22.844551398895593,6/21/2020,123.2441008
74,2,24.42278473133113,6/22/2020,110.8542513
197,2,23.877719885685142,6/23/2020,125.7267131
175,8,22.163876383297094,6/24/2020,127.332458
182,1,25.764788714633333,6/25/2020,123.2251449
58,6,26.18149344299626,6/26/2020,112.5219907
165,6,22.69846467579078,6/27/2020,125.1055826
183,4,26.36396016507557,6/28/2020,127.8931743
109,3,28.801997105823396,6/29/2020,117.9200761
170,3,24.90882216951648,6/30/2020,124.1776063
188,1,26.733396708900152,7/1/2020,123.7091873
157,3,24.396021812138233,7/2/2020,122.2921506
157,4,24.26596931063945,7/3/2020,123.913215
180,5,27.480804520719005,7/4/2020,128.3852024
125,3,21.460892309419542,7/5/2020,117.3044642
79,6,27.345603359741723,7/6/2020,115.7776672
70,5,23.62703192435331,7/7/2020,113.1087974
83,3,25.814554540109157,7/8/2020,113.2135284
90,6,25.067440545302283,7/9/2020,117.2201729
100,6,28.530835011890964,7/10/2020,119.8656177
131,8,24.83751817664049,7/11/2020,123.9415261
107,2,24.16331108622293,7/12/2020,114.0130225
124,1,31.01256745568214,7/13/2020,118.3104258
72,4,25.057009164881666,7/14/2020,112.5586269
177,7,25.988259398385896,7/15/2020,128.4845566
199,3,24.404614744920714,7/16/2020,126.4634601
66,3,24.574125484839787,7/17/2020,110.5396307
118,5,24.538540775337022,7/18/2020,118.3614937
157,5,21.75211915228953,7/19/2020,123.7631905
188,3,20.848455632838828,7/20/2020,125.9294862
143,9,26.71856888708876,7/21/2020,125.9442825
64,4,28.098145441132495,7/22/2020,113.2342234
140,3,25.806270991908498,7/23/2020,120.6484717
82,2,26.545088997871712,7/24/2020,112.3361455
174,9,25.286627681876098,7/25/2020,129.2478938
65,4,22.593482550439248,7/26/2020,110.2739615
115,3,25.117738978160872,7/27/2020,116.0284368
96,7,23.648865861060063,7/28/2020,117.3763415
197,8,25.357965958587975,7/29/2020,130.9052745
173,2,25.10448645857788,7/30/2020,122.9227102
50,7,28.86259162596741,7/31/2020,114.2846968
136,5,23.482679492253027,8/1/2020,120.901746
177,5,23.068632954723817,8/2/2020,126.7212146
116,3,21.71033796763365,8/3/2020,116.2426732
53,5,23.410004434228856,8/4/2020,110.1386139
96,2,24.34917867999094,8/5/2020,112.4907455
87,4,26.425823744405506,8/6/2020,115.7530884
192,6,23.52964047,8/7/2020,128.3059692
70,1,27.634752918061256,8/8/2020,108.6906252
106,4,22.879095232049107,8/9/2020,116.3309687
166,6,20.172641227093806,8/10/2020,125.0450551
95,9,21.37498230931014,8/11/2020,117.7615272
191,2,20.604647280130422,8/12/2020,124.7951716
194,7,26.572529781632348,8/13/2020,132.3614485
88,6,20.84951425822824,8/14/2020,115.1808707
186,2,24.226477451267474,8/15/2020,124.2721465
148,8,20.980987041722777,8/16/2020,124.6699658
126,7,20.646265412131818,8/17/2020,120.3912052
164,5,20.771701523267595,8/18/2020,124.3653285
183,5,19.810261854531845,8/19/2020,127.540088
140,7,19.53954453018744,8/20/2020,123.9339137
147,9,19.24605156,8/21/2020,124.1276183
169,9,23.812710504309553,8/22/2020,127.6776738
95,9,21.451952883244253,8/23/2020,117.9192524
87,6,16.506907894377267,8/24/2020,115.4764431
191,6,18.869137503236956,8/25/2020,129.1784663
149,3,20.446784403016487,8/26/2020,120.3165589
121,1,17.93902138919227,8/27/2020,113.8039082
84,7,21.75900728306276,8/28/2020,115.7412352
196,4,23.56707216288828,8/29/2020,127.9162335
79,1,16.183233037733757,8/30/2020,108.5148882
127,8,15.820075750363172,8/31/2020,121.135939
133,6,18.142979639568793,9/1/2020,121.0770573
162,6,17.141303928720625,9/2/2020,125.0078099
74,2,18.16279359348571,9/3/2020,108.5797025
137,1,12.945582703748428,9/4/2020,117.7934843
63,2,16.903508077642286,9/5/2020,107.9948933
151,4,18.536995943982042,9/6/2020,121.9682844
199,2,15.828104862268043,9/7/2020,126.3581862
132,1,15.730134219951177,9/8/2020,114.8143237
159,7,16.23073467527918,9/9/2020,125.83783
180,8,12.118847532969397,9/10/2020,130.0048491
68,6,16.47997429466243,9/11/2020,113.5116968
77,4,18.33548379823804,9/12/2020,112.0019583
120,6,17.34668777965294,9/13/2020,119.5680861
112,3,17.714381288602638,9/14/2020,116.3114962
122,8,18.32345852295722,9/15/2020,122.0346565
173,2,13.444184079115619,9/16/2020,123.1856976
168,5,15.521338967773586,9/17/2020,125.157248
170,1,10.173110873687259,9/18/2020,123.5067931
68,6,11.275047664515789,9/19/2020,116.0205255
191,2,11.715292693096847,9/20/2020,126.2493196
169,4,12.107328386715478,9/21/2020,126.4027666
110,6,12.235833921944966,9/22/2020,120.4692013
79,8,13.433824149811889,9/23/2020,117.1023976
58,8,17.50690451,9/24/2020,113.3396756
113,6,13.485327597664075,9/25/2020,120.9578786
169,4,12.66245160841569,9/26/2020,125.9688405
101,8,8.070849295509726,9/27/2020,124.7049223
138,8,11.309917185072651,9/28/2020,125.8985564
191,1,16.95207232453935,9/29/2020,123.3262928
102,4,14.168283542293297,9/30/2020,116.9251979
127,4,8.729561989540782,10/1/2020,124.0692595
90,7,11.737327307229675,10/2/2020,119.3898229
117,7,14.686928213203025,10/3/2020,120.4128562
57,8,10.224475361575879,10/4/2020,116.5058305
51,5,7.701501226937627,10/5/2020,115.1381863
154,7,5.9567523822650905,10/6/2020,132.0561479
174,8,5.719129253830888,10/7/2020,134.9581907
159,9,7.242629374012797,10/8/2020,132.4665526
135,3,13.263014662883727,10/9/2020,120.2731826
169,3,12.605758676478509,10/10/2020,124.5340778
176,4,6.044537733332299,10/11/2020,132.4253717
65,5,6.873091865301461,10/12/2020,118.6360424
111,1,8.895326914148809,10/13/2020,116.0923915
162,7,8.387057948652332,10/14/2020,131.1895499
61,9,3.8095091052189027,10/15/2020,124.2766957
84,8,7.878163581895517,10/16/2020,121.2828169
60,5,7.519421461781706,10/17/2020,115.5957137
113,4,6.813927023835927,10/18/2020,124.0785285
99,7,8.957896151,10/19/2020,122.00478
198,5,9.913537723,10/20/2020,132.6042981
118,7,6.641200988,10/21/2020,127.7955412
97,1,12.176708594357969,10/22/2020,112.6178927
69,1,3.748679945932023,10/23/2020,116.8659965
150,3,9.810454880782565,10/24/2020,124.421559
186,2,6.585417823204277,10/25/2020,130.4140234
117,2,3.361271724825488,10/26/2020,125.344847
84,7,6.711035435443647,10/27/2020,122.2339483
114,2,0.4756771352827971,10/28/2020,128.1507476
57,4,4.644001879562459,10/29/2020,118.1917708
94,2,0.24303361542212581,10/30/2020,126.7688043
136,6,-0.472341448,10/31/2020,138.7166828
125,8,4.027614541594512,11/1/2020,130.5053218
125,4,4.387563268072659,11/2/2020,127.4899133
96,5,5.379910860828905,11/3/2020,123.5355654
64,4,2.307179915064756,11/4/2020,122.9405598
154,3,0.48517342885596637,11/5/2020,135.6755738
196,5,3.7173198901662157,11/6/2020,138.3201138
75,9,-0.615134248,11/7/2020,132.4786171
101,8,2.3643909947188875,11/8/2020,129.7789557
142,8,-1.179915286,11/9/2020,140.6092748
199,8,-0.665495082,11/10/2020,146.798574
70,8,-0.929763063,11/11/2020,131.7148304
100,7,-0.708987796,11/12/2020,134.0768453
87,8,0.9701206918708252,11/13/2020,130.0951423
69,8,4.579899219,11/14/2020,123.5778801
181,8,-0.846678808,11/15/2020,146.1578969
104,7,2.3033655048291752,11/16/2020,128.9906828
141,1,2.115445859548693,11/17/2020,128.3543751
77,4,-2.044087874,11/18/2020,131.8200826
53,4,7.417249935842152,11/19/2020,116.001337
199,5,0.22152363113632878,11/20/2020,143.7719532
125,6,0.607850998,11/21/2020,134.6422
116,4,-1.298194636,11/22/2020,134.8036216
135,2,-0.631959049,11/23/2020,133.3017899
140,6,0.8495972184235043,11/24/2020,136.6375709
154,8,1.6254936706880247,11/25/2020,137.3060283
50,8,-0.759164518,11/26/2020,128.6536654
121,7,-1.731200474,11/27/2020,138.4372857
136,6,3.2558261962271944,11/28/2020,132.8354595
55,2,0.088376741,11/29/2020,122.5900448
194,7,3.009197132626382,11/30/2020,140.8392487
110,5,-1.06413515,12/1/2020,134.1600666
61,6,-3.231705767,12/2/2020,133.2100848
55,8,-4.103044101,12/3/2020,134.1331325
76,8,3.1652471896339347,12/4/2020,125.4675849
185,3,-5.043671571,12/5/2020,149.0801135
173,7,-5.807401071,12/6/2020,152.3729419
155,1,-0.995685701,12/7/2020,134.3942932
142,1,-2.605347545,12/8/2020,135.3845879
158,7,-7.087285538,12/9/2020,154.3095772
148,9,-6.959860886,12/10/2020,154.6845128
191,7,-0.122167775,12/11/2020,145.2865022
84,5,-3.760984679,12/12/2020,136.5606467
133,8,-7.914403632,12/13/2020,153.8933652
105,2,-7.716534637,12/14/2020,143.8106267
190,9,-4.001181776,12/15/2020,153.0042058
98,6,-1.79112606,12/16/2020,135.8873112
95,9,-0.672342113,12/17/2020,134.7727538
162,2,-2.718547501,12/18/2020,141.9279053
185,3,-6.487393192,12/19/2020,153.0507265
92,8,-3.83469305,12/20/2020,142.1825846
197,1,0.3604577465838672,12/21/2020,139.2041235
173,7,-0.665048922,12/22/2020,145.0779682
146,7,-2.157370552,12/23/2020,144.5012398
139,1,3.1251666587037046,12/24/2020,129.1037223
88,9,-1.927775007,12/25/2020,137.4617242
134,8,0.2657622574662164,12/26/2020,139.1973942
111,4,-5.355860872,12/27/2020,143.3964866
155,5,-7.242769939,12/28/2020,153.4377931
156,2,-3.262513472,12/29/2020,142.8351065
103,9,-2.71744971,12/30/2020,141.0399909
175,6,-3.027862102,12/31/2020,149.332829
58,3,-5.275599614,1/1/2021,135.6965573
137,7,-6.669346928,1/2/2021,151.9440642
86,9,-5.027174995,1/3/2021,143.6626781
98,3,-0.7609718,1/4/2021,132.1883195
90,2,-3.973141148,1/5/2021,134.6544171
66,7,-4.373106129,1/6/2021,137.5480136
137,7,-7.240206554,1/7/2021,152.899108
70,4,-1.937064797,1/8/2021,132.0613024
100,9,-1.459649519,1/9/2021,138.7712792
108,8,-1.604130691,1/10/2021,138.8647011
90,1,-5.458466511,1/11/2021,136.589393
88,1,-3.543764076,1/12/2021,131.0735392
190,5,-4.429554019,1/13/2021,152.3946656
60,6,-7.759013671,1/14/2021,143.7083659
196,3,-0.458069798,1/15/2021,144.9533257
188,9,-2.575883959,1/16/2021,151.0744663
126,6,-3.321317482,1/17/2021,142.6751018
176,4,-4.545224663,1/18/2021,149.2455064
95,7,-2.928581489,1/19/2021,138.1333062
94,8,-4.54208186,1/20/2021,140.6620943
50,9,-1.595916722,1/21/2021,131.1424514
157,6,-4.058619821,1/22/2021,146.9409007
68,6,-1.747432051,1/23/2021,132.3174771
125,8,-3.785179776,1/24/2021,143.5000925
121,5,1.4636629556870242,1/25/2021,132.9530207
158,3,-0.096119466,1/26/2021,137.418127
61,3,-6.617987721,1/27/2021,137.3039558
94,6,-0.06322853,1/28/2021,132.5596852
139,2,-1.459069182,1/29/2021,135.3900457
152,6,-3.2774813,1/30/2021,145.6385495
57,6,2.1461766158282867,1/31/2021,124.4902622
140,8,0.7413417969975775,2/1/2021,138.6298935
136,7,-0.665869989,2/2/2021,139.4492577
133,8,2.068211131686382,2/3/2021,135.4425851
131,9,-0.01326398,2/4/2021,139.532763
195,6,-5.09073839,2/5/2021,154.9058957
117,3,-0.434179451,2/6/2021,133.784611
176,3,1.4730205133528116,2/7/2021,137.3035855
131,1,5.794001060305474,2/8/2021,123.9112202
196,5,-4.848034339,2/9/2021,153.5329788
133,4,1.4070241606823173,2/10/2021,134.3620938
162,9,-1.083363065,2/11/2021,145.4611689
125,9,5.294395876828068,2/12/2021,131.4415872
171,5,2.6444895524178307,2/13/2021,137.4193379
192,4,-2.491174286,2/14/2021,146.0962077
90,7,2.344393725419649,2/15/2021,127.9460414
51,6,0.8096573496224864,2/16/2021,124.6821273
78,4,3.1133190822807713,2/17/2021,122.8015917
154,2,4.523660991922542,2/18/2021,127.8131729
100,1,6.420542143170183,2/19/2021,116.6721518
124,4,4.950313340367595,2/20/2021,126.9452396
59,4,3.9607615141515646,2/21/2021,119.6515319
191,1,4.240530250306714,2/22/2021,131.9716669
100,6,4.834620792144853,2/23/2021,125.6490152
167,4,-0.727006883,2/24/2021,140.9222909
170,1,0.6196023531860912,2/25/2021,133.6146584
88,1,6.035444608809771,2/26/2021,116.5743011
77,1,2.4049722268788685,2/27/2021,119.6942851
52,8,5.1250815021189515,2/28/2021,120.5523658
133,8,5.600009648328495,3/1/2021,130.9271314
166,2,3.6035477175921615,3/2/2021,131.6409863
51,7,1.9073365336205361,3/3/2021,124.2974897
142,8,5.4633464257718884,3/4/2021,131.3859417
180,8,1.9899821323253066,3/5/2021,140.8515629
193,7,5.486741075,3/6/2021,136.5177101
143,5,6.134038985488113,3/7/2021,128.9911977
89,1,3.5764277365332453,3/8/2021,118.7110778
51,9,8.587070872771013,3/9/2021,118.6342893
130,7,8.154048338032528,3/10/2021,126.9826033
61,2,4.484698919786397,3/11/2021,116.5766315
114,6,9.504076790206687,3/12/2021,123.3064013
104,2,2.158303717502681,3/13/2021,124.5903478
94,1,9.739670391875759,3/14/2021,113.4597269
150,7,7.256411130677709,3/15/2021,130.0720173
111,2,7.758945864305931,3/16/2021,120.0372267
98,2,7.176282668,3/17/2021,118.0939115
176,5,9.305140877007611,3/18/2021,129.9038983
72,5,12.966018009078347,3/19/2021,114.4406553
87,7,7.761870355,3/20/2021,121.9867347
77,1,9.788955372591506,3/21/2021,111.5973131
70,8,13.11370063518418,3/22/2021,115.6663962
156,3,7.889975230264305,3/23/2021,126.904549
195,4,16.88209633183523,3/24/2021,127.3778463
148,9,10.684591825753456,3/25/2021,127.7393495
168,4,12.718308713500765,3/26/2021,126.1384581
122,5,8.840986319181784,3/27/2021,123.9901833
171,7,12.646958392283125,3/28/2021,128.7654535
79,4,14.08041404395097,3/29/2021,114.051554
157,1,13.731678887212315,3/30/2021,119.6664245
147,9,12.219624563923375,3/31/2021,125.8241603
81,4,8.276337829397555,4/1/2021,117.2080094
128,9,8.812774855189122,4/2/2021,126.9296209
90,6,11.384364595957456,4/3/2021,117.2999748
112,1,10.16661825720064,4/4/2021,115.4885164
72,3,13.778453847509939,4/5/2021,111.0441444
153,2,16.923881635206147,4/6/2021,118.7318435
124,9,15.332962485191466,4/7/2021,121.7671526
97,1,12.371870417207086,4/8/2021,110.5003172
106,9,11.833794245299954,4/9/2021,121.9076789
167,9,14.602819271668308,4/10/2021,127.1880985
149,8,17.429794084597233,4/11/2021,123.1014586
173,8,13.332426708917282,4/12/2021,127.9902626
83,1,15.95515070729018,4/13/2021,107.8804955
56,8,15.94068366,4/14/2021,112.7192052
105,3,15.902006231431747,4/15/2021,114.2416534
114,7,17.90379635997092,4/16/2021,118.3600694
96,1,16.519838539709323,4/17/2021,109.2194791
197,1,13.122911713838807,4/18/2021,123.0258445
68,5,15.74239168427523,4/19/2021,111.3882239
195,5,16.028636966431876,4/20/2021,127.5979419
175,8,13.725179843688792,4/21/2021,128.4545192
188,7,17.105099193689313,4/22/2021,127.3097866
98,8,18.49505743156868,4/23/2021,116.76424
162,6,18.35267888223303,4/24/2021,124.6194189
87,6,17.56573263060044,4/25/2021,114.641097
113,2,17.23381729675914,4/26/2021,113.9602594
118,6,20.632047811868855,4/27/2021,117.9964773
185,5,19.24962988126216,4/28/2021,126.8858239
165,3,16.35240586306231,4/29/2021,122.2723246
114,6,18.216599175064452,4/30/2021,117.8267729
80,8,24.03499619529077,5/1/2021,115.5496013
181,9,20.04521178284366,5/2/2021,127.4848146
162,1,19.692270603228962,5/3/2021,116.7546328
158,3,16.29539270342966,5/4/2021,121.3934266
118,3,19.757011526691873,5/5/2021,115.8899848
169,8,21.330322977338625,5/6/2021,125.6302247
137,1,22.669368513936785,5/7/2021,114.8967442
116,5,16.897099767545576,5/8/2021,117.7796189
124,3,20.05648996772907,5/9/2021,115.6672805
94,2,23.50318297883881,5/10/2021,110.7003056
53,8,21.10178621,5/11/2021,110.7923625
156,3,19.48683530909685,5/12/2021,119.950282
100,7,22.591782287385982,5/13/2021,116.6103618
99,1,20.579008935936812,5/14/2021,108.4890026
55,6,23.098581238346164,5/15/2021,110.2006704
108,3,23.829814545773644,5/16/2021,114.7478154
174,8,25.601924723999275,5/17/2021,128.2295102
192,6,23.660710751619828,5/18/2021,127.9134551
79,2,24.00320573453815,5/19/2021,110.1958118
171,6,20.54476384,5/20/2021,125.0213286
174,7,20.05059807930646,5/21/2021,127.376693
86,5,17.608713098731524,5/22/2021,113.1113032
173,3,21.85596317548126,5/23/2021,122.696866
150,4,22.23900712498779,5/24/2021,120.7161397
84,4,23.861597888956716,5/25/2021,112.3116967
136,6,24.980996033252016,5/26/2021,121.8986862
183,1,23.630706821562413,5/27/2021,120.9991594
67,4,25.780379047257405,5/28/2021,111.0505658
162,4,23.682238949207143,5/29/2021,122.7980552
78,1,25.92154956941204,5/30/2021,108.0808583
126,9,22.92734024850803,5/31/2021,121.2431817
108,4,21.707708643459643,6/1/2021,114.8899738
175,7,24.478340561828453,6/2/2021,126.9737088
194,3,27.088871583997676,6/3/2021,126.9193791
158,3,22.290205809879865,6/4/2021,120.10508
71,8,26.40632583413979,6/5/2021,114.3533258
117,8,25.449420394749676,6/6/2021,119.5163227
118,1,24.57870667120735,6/7/2021,111.4776591
98,2,28.16735520227233,6/8/2021,112.0589247
190,8,26.98928360303009,6/9/2021,129.7837538
158,1,25.096317237694308,6/10/2021,116.1194453
135,8,28.427061605946175,6/11/2021,123.4749683
102,8,26.033016885136263,6/12/2021,118.2611612
172,2,25.825659751048477,6/13/2021,121.9338263
136,4,25.663857061489608,6/14/2021,119.0394202
180,6,28.949083793619735,6/15/2021,129.1514196
91,9,29.316663792493607,6/16/2021,119.2715885
147,8,21.756955440310506,6/17/2021,122.5678805
158,8,26.255043899319297,6/18/2021,125.7040408
100,7,24.37364207649169,6/19/2021,116.9821569
134,9,26.682141143304026,6/20/2021,123.222206
176,2,30.402035912643246,6/21/2021,124.3858891
70,3,24.404323797480462,6/22/2021,108.6037824
93,8,26.23492814733884,6/23/2021,116.0966823
188,6,26.419075048851735,6/24/2021,127.8620531
152,9,26.965250710284156,6/25/2021,125.870311
117,4,32.50219527144024,6/26/2021,120.8596253
178,8,30.476630972896114,6/27/2021,129.8735509
141,3,22.584538687025823,6/28/2021,118.4450534
73,3,27.067830202874486,6/29/2021,110.3126444
174,8,24.82560543828922,6/30/2021,125.6914407
190,5,25.61004921448233,7/1/2021,126.1150912
160,3,25.543392787217055,7/2/2021,121.1192926
147,1,27.11311147118484,7/3/2021,116.1755211
188,3,28.072481392048093,7/4/2021,126.0673365
66,9,28.523511690712212,7/5/2021,115.0194821
148,5,28.07646974102379,7/6/2021,122.8739055
131,2,25.051619028031364,7/7/2021,116.3901398
153,7,23.00377212467845,7/8/2021,122.6236007
68,2,27.48421601711212,7/9/2021,109.1609748
134,4,25.80318054826985,7/10/2021,118.8677935
57,7,27.28738113768385,7/11/2021,111.4821322
77,4,24.35392375238823,7/12/2021,111.9275359
54,7,28.722015957883595,7/13/2021,113.6662076
194,7,27.070644068590997,7/14/2021,129.4945094
150,1,25.045260185818023,7/15/2021,115.914316
167,6,27.21474334258154,7/16/2021,126.1310325
196,9,28.51269406344541,7/17/2021,131.7503673
113,2,28.20257094939957,7/18/2021,115.2745659
140,3,25.060836255533843,7/19/2021,117.7033402
166,5,26.29415451,7/20/2021,125.0349235
147,9,30.36575119379042,7/21/2021,127.0803503
60,4,22.597256813033237,7/22/2021,108.6395923
103,1,29.184085157552733,7/23/2021,112.761699
96,4,21.963770568814255,7/24/2021,113.1929478
189,6,23.526495750653723,7/25/2021,126.7681905
198,5,25.19601194584185,7/26/2021,128.6056538
188,1,26.40398331968048,7/27/2021,121.7531356
54,4,21.055232563415945,7/28/2021,107.1797168
69,6,22.527831467331087,7/29/2021,110.3547351
95,4,27.61328755386739,7/30/2021,114.7232045
61,9,30.58875416,7/31/2021,115.7409869
119,5,29.794810785021415,8/1/2021,120.2330519
66,8,24.152204658065006,8/2/2021,112.1236094
164,9,18.914480202944585,8/3/2021,125.17717
196,5,24.935916677380362,8/4/2021,127.1306598
97,6,24.63827800504651,8/5/2021,116.0466852
157,1,24.53337607546456,8/6/2021,116.8631133
101,7,20.578676268377677,8/7/2021,115.4573531
145,4,24.597258884625784,8/8/2021,119.7448667
119,2,24.605556380664304,8/9/2021,114.0332258
151,5,26.44109224246494,8/10/2021,121.4619682
124,3,26.289801992010073,8/11/2021,116.8433855
192,6,22.47964831075336,8/12/2021,126.0579857
131,8,25.43138835450486,8/13/2021,122.0758764
141,7,21.95018826845823,8/14/2021,120.7830393
53,3,22.422887515299713,8/15/2021,106.7110294
184,8,26.417784960294476,8/16/2021,127.964398
158,2,24.519182795714453,8/17/2021,119.0522937
97,9,22.061858467372545,8/18/2021,115.8779436
122,4,22.26094354162293,8/19/2021,116.0127329
121,1,23.653217624114145,8/20/2021,112.1372541
165,8,22.954241928395746,8/21/2021,125.1748015
130,7,23.324407301307488,8/22/2021,120.1308278
130,5,22.323239801563954,8/23/2021,117.9598244
162,5,24.88543607478788,8/24/2021,122.4320043
145,7,22.103427132366527,8/25/2021,121.9151562
121,5,18.641939687172606,8/26/2021,116.3739431
196,8,21.768884506855866,8/27/2021,128.3081835
112,6,20.407153160656982,8/28/2021,117.1523039
87,5,18.21122449653648,8/29/2021,112.8243908
116,9,17.278640602225316,8/30/2021,118.3451782
118,2,19.473764957567564,8/31/2021,112.8296087
62,1,19.11099443692236,9/1/2021,103.4858253
80,8,21.014869970564042,9/2/2021,113.4360317
163,3,19.525265299555244,9/3/2021,119.9234083
71,7,21.09380525213188,9/4/2021,112.5449467
142,8,20.35317377073818,9/5/2021,122.5935668
116,6,19.19946291339869,9/6/2021,116.9289257
103,9,17.940386020215314,9/7/2021,117.3369502
187,7,17.26783306446153,9/8/2021,126.3303895
91,5,14.983300187220284,9/9/2021,114.7606673
113,8,21.03324483415162,9/10/2021,117.5354608
175,2,21.260350919867147,9/11/2021,119.9988598
70,7,18.20984233741844,9/12/2021,112.2273166
84,4,18.002279005785542,9/13/2021,111.3781612
79,9,19.269180556062203,9/14/2021,114.3056335
106,1,17.055499294295704,9/15/2021,109.8794133
96,7,19.597662335039725,9/16/2021,115.0428616
68,6,18.445121250288032,9/17/2021,111.3003665
163,8,16.187788877944683,9/18/2021,123.94595
57,5,18.07098364015786,9/19/2021,109.5301931
75,1,13.217978550399886,9/20/2021,106.8896969
162,1,13.401803369650338,9/21/2021,118.5263488
120,9,15.848318963968824,9/22/2021,120.1938075
79,6,16.23616025600991,9/23/2021,111.6864123
184,5,15.43840090340017,9/24/2021,125.7935837
116,1,14.382867851048172,9/25/2021,110.6118816
114,6,11.967797875608502,9/26/2021,119.4121982
85,6,16.33285037,9/27/2021,113.5698776
74,3,16.94590771626297,9/28/2021,108.3474503
86,8,12.722563194783458,9/29/2021,116.5009209
50,1,12.043737186830619,9/30/2021,104.1912653
192,1,10.590249452282738,10/1/2021,123.5876647
86,6,13.390471155436973,10/2/2021,113.4224837
190,1,16.33181274637778,10/3/2021,119.8806359
185,6,10.886084496213815,10/4/2021,128.5999108
182,1,15.106278420994835,10/5/2021,119.3086498
177,6,10.498542676145998,10/6/2021,127.9839689
176,3,14.571675130521786,10/7/2021,122.5547846
50,8,14.279571521288519,10/8/2021,111.148537
84,6,9.426631999118856,10/9/2021,115.7185738
153,1,8.613955362285349,10/10/2021,121.2668329
72,5,11.845038718127562,10/11/2021,112.7236865
58,8,11.268267615154517,10/12/2021,113.5436628
83,3,8.083129084790416,10/13/2021,115.5882134
177,6,8.799893206781771,10/14/2021,130.5055516
53,5,13.258262378964424,10/15/2021,109.4813117
151,6,9.109328058758326,10/16/2021,126.3580925
124,1,9.400164114,10/17/2021,115.5001426
148,7,8.424649605391359,10/18/2021,127.3817364
121,9,7.771892962290222,10/19/2021,125.5316679
52,2,8.894957029995842,10/20/2021,108.5460839
191,5,7.049246946165234,10/21/2021,132.5476312
83,4,6.837194091,10/22/2021,116.9016035
94,6,3.754923137846278,10/23/2021,123.8972535
110,6,8.298552452946613,10/24/2021,120.7482216
132,2,10.854711326072788,10/25/2021,117.8523837
172,2,8.013914588719427,10/26/2021,125.8259
151,4,8.743711447724959,10/27/2021,123.9457287
65,1,6.524903719728504,10/28/2021,111.1344112
115,9,3.823180405580131,10/29/2021,128.6044561
194,7,7.737966256539633,10/30/2021,132.9173668
168,7,2.148179275299692,10/31/2021,136.3792182
173,3,1.585459094219522,11/1/2021,134.7587636
193,3,2.9724511285531525,11/2/2021,135.6201805
151,1,3.5888098018466774,11/3/2021,125.5321938
115,3,6.976059401625246,11/4/2021,120.4440121
62,3,1.9814673971910226,11/5/2021,119.640628
160,4,2.1123851896349106,11/6/2021,132.8225754
83,4,6.252284725086385,11/7/2021,118.292979
88,3,4.028943255819897,11/8/2021,119.5312566
185,8,2.3707233994697097,11/9/2021,139.0229039
169,8,2.3450189039155305,11/10/2021,137.9353667
175,1,0.11946277788023152,11/11/2021,133.0926382
104,7,2.819507386730817,11/12/2021,128.0347986
76,2,2.2064037439618405,11/13/2021,119.9837704
167,1,-0.031315456,11/14/2021,133.2614283
102,3,5.147307769435515,11/15/2021,119.1490016
88,4,5.262335547665057,11/16/2021,120.0652471
114,6,6.700649714538894,11/17/2021,123.7955238
194,5,0.061371782,11/18/2021,141.9135597
62,4,-1.447558464,11/19/2021,126.6160927
70,8,0.1344814772427202,11/20/2021,127.8872931
196,4,0.7054559322538386,11/21/2021,139.9688933
102,2,-3.32745009,11/22/2021,131.2689212
68,3,1.5261954693249233,11/23/2021,120.0625813
106,6,-0.390567074,11/24/2021,132.370559
74,8,-0.555003719,11/25/2021,128.8063221
80,8,2.5340400285839584,11/26/2021,125.1787625
130,9,3.8419202705237625,11/27/2021,131.1004862
72,7,3.6828779787906925,11/28/2021,122.216927
81,2,-0.293433647,11/29/2021,123.3598035
123,8,-1.260683085,11/30/2021,135.6806401
59,7,4.792194016108644,12/1/2021,119.0211435
103,8,2.204406463385508,12/2/2021,128.8147241
101,3,-0.767392336,12/3/2021,129.167681
197,7,-1.061365582,12/4/2021,145.0803735
163,9,1.5414325490727183,12/5/2021,137.9614996
63,3,-4.642748921,12/6/2021,129.9817428
159,6,-1.856489202,12/7/2021,141.4229147
102,2,3.544470825771267,12/8/2021,122.764314
128,2,-3.776088648,12/9/2021,136.590662
71,5,-3.725088985,12/10/2021,132.6857645
79,5,-1.768784017,12/11/2021,129.8355125
53,7,-2.226025817,12/12/2021,128.0325995
108,2,-1.642616999,12/13/2021,129.1671955
57,7,-0.167498385,12/14/2021,126.0564785
61,5,2.006238996304047,12/15/2021,122.0099024
168,6,-1.564245977,12/16/2021,141.0719914
83,8,-0.290301614,12/17/2021,130.0929023
131,4,-4.000706715,12/18/2021,139.4072018
147,7,-1.201453468,12/19/2021,139.1973867
176,6,-2.796834062,12/20/2021,144.8776548
124,2,-0.228930576,12/21/2021,129.5949832
154,8,-6.59049349,12/22/2021,149.3850411
98,9,-3.794626119,12/23/2021,139.2289487
128,5,1.1738047537086742,12/24/2021,132.0790306
142,4,-5.71157234,12/25/2021,144.037469
67,6,-1.3762423,12/26/2021,127.6471628
145,8,-1.841989669,12/27/2021,140.6448495
87,3,0.22125320312089736,12/28/2021,124.6589043
136,1,-0.939359964,12/29/2021,130.8329855
137,4,-7.232831453,12/30/2021,146.4265925
99,4,-6.375102925,12/31/2021,139.541657
57,1,-2.929749065,1/1/2022,123.4794121
183,9,-3.462659658,1/2/2022,148.3755321
118,3,0.41442880207598215,1/3/2022,128.9603704
170,5,-3.316394114,1/4/2022,143.6450995
113,6,-0.901094611,1/5/2022,133.7167265
188,8,-5.639750494,1/6/2022,153.0007752
170,6,-4.255647942,1/7/2022,147.1106244
114,3,-4.26521444,1/8/2022,135.6713138
156,6,-0.4492602,1/9/2022,136.57828974377563
196,1,-5.320699989,1/10/2022,144.24041855925884
186,4,-3.818591624,1/11/2022,145.6580976937952
149,6,-5.472451352,1/12/2022,144.47102138217826
131,7,2.3126539975399774,1/13/2022,130.17524946786074
192,3,-0.133883355,1/14/2022,139.19239058560055
100,9,-0.139064971,1/15/2022,131.62397840832205
190,7,0.19474718088239196,1/16/2022,141.8195850692744
132,1,1.1310910906753424,1/17/2022,125.22902131859081
161,2,0.2286848703582378,1/18/2022,133.34635440027347
105,1,0.083007327,1/19/2022,122.62539088853606
194,9,1.780860396439504,1/20/2022,140.48893657134496
109,9,-1.662187643,1/21/2022,134.81287643182637
169,7,-1.446700617,1/22/2022,141.02937960208817
187,3,2.900333171795107,1/23/2022,132.81393309424482
72,5,-1.336010741,1/24/2022,127.32322499683438
198,4,-1.073240442,1/25/2022,141.24471265985017
62,7,-1.478879432,1/26/2022,126.78243090751218
150,9,2.3873357674994597,1/27/2022,132.76818197868434
73,2,-2.377969505,1/28/2022,124.97639053529022
157,8,0.5097964953230103,1/29/2022,137.2234985737391
60,9,0.7903226795626848,1/30/2022,124.9445998301021
66,9,-3.01499491,1/31/2022,131.6519536031325
74,7,3.590544779384772,2/1/2022,121.25604754281692
143,9,3.4654058775950607,2/2/2022,131.5728345351352
70,9,4.918433157980423,2/3/2022,120.27360321159665
133,3,-3.063537273,2/4/2022,136.81315848018903
189,4,3.423288765013276,2/5/2022,133.5535794504621
86,2,-1.248588646,2/6/2022,124.73022323183139
91,3,-0.192903367,2/7/2022,125.5638577665913
194,5,0.7380005112075689,2/8/2022,138.91558027800045
150,5,1.276931779810349,2/9/2022,133.05461286339568
97,6,-0.217643768,2/10/2022,128.41047118651002
152,7,0.930799144,2/11/2022,135.3364615276247
77,7,3.424411045107397,2/12/2022,121.96925547715794
90,1,-0.372388146,2/13/2022,121.76722806659083
148,2,4.781730236240777,2/14/2022,124.46811250450486
96,9,6.248840026827838,2/15/2022,122.20617519712685
195,2,5.873631564726941,2/16/2022,129.21934291847163
154,6,3.3962000703831268,2/17/2022,131.84415144125498
173,1,-2.753629552,2/18/2022,137.71272733802914
62,3,3.0012971727357214,2/19/2022,115.85973400582631
190,2,3.7843053265828095,2/20/2022,131.11004557743317
149,3,3.495096797,2/21/2022,127.14167135515802
80,5,3.4594645301224762,2/22/2022,120.88337934323283
179,6,3.9614732598770237,2/23/2022,134.1602418171777
65,9,3.0097304863407413,2/24/2022,123.56749072918961
186,4,3.2790806962594514,2/25/2022,133.8190579
122,7,6.360483533982663,2/26/2022,124.62916479821658
103,6,3.5648545940865297,2/27/2022,124.20565109242031
149,2,7.0813269543544335,2/28/2022,121.75341629158825
158,8,11.983190739876054,3/1/2022,124.5785678947264
136,7,4.668610249866399,3/2/2022,127.88485066595052
186,7,4.401051252952329,3/3/2022,119.7594636
57,8,6.843637801867262,3/4/2022,102.040542
56,1,6.066804653652662,3/5/2022,94.07701316
85,1,4.958104304535896,3/6/2022,99.50975041
67,8,7.944251631253311,3/7/2022,101.6760008
52,4,-0.19879535,3/8/2022,107.1953664
77,5,4.939930401904307,3/9/2022,102.8895561
119,8,5.760832728768349,3/10/2022,110.6039112
198,5,8.679354764236315,3/11/2022,115.7416292
77,4,9.707238298479496,3/12/2022,98.21553068
103,6,7.601776427882224,3/13/2022,105.7385602
114,5,8.140516432,3/14/2022,105.240181
149,7,7.400853857265587,3/15/2022,112.4337
70,7,12.683107598048316,3/16/2022,97.85009688
62,4,12.01837293164123,3/17/2022,94.83550607
106,5,12.80475531731387,3/18/2022,106.0071039
98,3,8.366992429822979,3/19/2022,105.8509473
167,4,8.433062014,3/20/2022,116.7207903
103,4,14.539354522972532,3/21/2022,104.2270298
187,3,10.852001397490321,3/22/2022,115.3765515
102,5,11.134511213700337,3/23/2022,106.4529651
93,5,7.851782659066818,3/24/2022,108.1164701
96,7,11.269932180714596,3/25/2022,107.3980749
102,4,12.46116047480534,3/26/2022,105.4170506
123,4,11.119798815613493,3/27/2022,108.6043987
95,9,9.986265654781828,3/28/2022,108.8392563
62,6,18.538546416476414,3/29/2022,98.64307262
151,4,11.327732029635296,3/30/2022,112.1085326
73,2,10.860598990890697,3/31/2022,99.40857754
51,6,15.53480968003937,4/1/2022,97.83034546
130,2,16.72460495123739,4/2/2022,104.2207156
149,5,11.70401970027706,4/3/2022,112.8125803
191,6,15.311460817838817,4/4/2022,116.4234338
187,4,12.88335956623836,4/5/2022,116.0862752
180,3,12.960035985162282,4/6/2022,113.5844604
160,7,14.317467006394441,4/7/2022,112.9215907
151,2,14.465354683714946,4/8/2022,107.4678128
66,6,16.293996898188844,4/9/2022,99.11443619
61,4,16.113840226645465,4/10/2022,97.8865189
165,6,15.128936942162031,4/11/2022,112.6161952
73,4,19.428100034821753,4/12/2022,98.77655508
78,4,18.645312529471855,4/13/2022,104.7274027
171,4,17.909350088098876,4/14/2022,116.1345959
139,9,17.72155022454032,4/15/2022,116.7888219
114,7,19.120751746509068,4/16/2022,110.9115643
133,3,19.722902408722682,4/17/2022,109.1363073
168,3,14.577825920110254,4/18/2022,115.8542916
65,6,21.429311460931473,4/19/2022,105.1481832
153,6,14.918512786307371,4/20/2022,116.6700056
141,4,18.023708508899492,4/21/2022,112.2559659
76,9,22.38086223,4/22/2022,106.987169
183,4,18.13701824585646,4/23/2022,117.6517976
184,9,20.64172403857658,4/24/2022,120.9345796
82,4,16.59648341869699,4/25/2022,105.3947563
104,2,18.197389372651667,4/26/2022,105.3183171
56,2,18.64008807212207,4/27/2022,98.4340067
106,5,20.799081491444053,4/28/2022,108.7037841
175,4,20.317875823945105,4/29/2022,117.5308764
61,7,19.454826967856317,4/30/2022,104.3319033
65,5,16.653579571560623,5/1/2022,103.7739491
92,6,22.50632365545951,5/2/2022,108.1777823
166,4,20.025805897528674,5/3/2022,114.9002648
184,2,18.868594036646066,5/4/2022,115.850631
160,9,25.377647477850935,5/5/2022,119.3229069
100,7,24.605758415263296,5/6/2022,109.7779599
124,4,22.283363124607707,5/7/2022,110.7015621
57,3,26.724861512375043,5/8/2022,101.9533005
94,3,18.923541153055012,5/9/2022,104.8120045
108,9,24.74721864533972,5/10/2022,112.6389147
181,5,20.77241544128443,5/11/2022,119.0566556
153,3,17.293839634174134,5/12/2022,112.8769879
147,5,20.13796729207533,5/13/2022,113.6241227
128,2,22.95478094969252,5/14/2022,107.2921264
173,4,21.764909753341822,5/15/2022,115.9000215
53,2,25.300933285838443,5/16/2022,99.3010121
139,2,26.18050047639431,5/17/2022,110.3264804
153,8,20.489627435053094,5/18/2022,116.627162
186,1,25.477914518863486,5/19/2022,115.6335981
168,7,26.101623654896333,5/20/2022,120.3703516
182,5,24.635000057341536,5/21/2022,119.029201
105,8,29.962987451971603,5/22/2022,114.7049839
145,1,24.30210747158958,5/23/2022,108.3693038
124,7,23.864501376082934,5/24/2022,114.0216561
192,5,24.93724936855066,5/25/2022,120.8843539
81,4,23.039404426087774,5/26/2022,105.5905565
77,7,28.273748096531335,5/27/2022,108.8337544
71,2,23.937586898410714,5/28/2022,102.2018788
66,1,32.362852727037684,5/29/2022,103.7216721
108,1,26.02650793159585,5/30/2022,103.9454806
139,1,25.024333263265635,5/31/2022,108.3241481
155,5,22.169868870860892,6/1/2022,119.9770773034376
75,7,27.880783817451572,6/2/2022,114.25334010902891
74,2,28.805826667965352,6/3/2022,108.83837803196481
187,8,28.300927489827203,6/4/2022,129.2852648360557
94,4,23.427261132857545,6/5/2022,111.4679951457548
132,3,28.55627146018837,6/6/2022,117.49443105853004
60,8,26.121499596228126,6/7/2022,111.46306818244221
153,2,29.583104334654184,6/8/2022,120.14258158111917
117,3,27.286353777276034,6/9/2022,114.42146691993412
144,3,25.314494953832995,6/10/2022,118.2127421041368
114,1,25.082913335880118,6/11/2022,110.70311265583729
98,6,26.053934640832185,6/12/2022,114.86849505929578
101,2,27.667770929320298,6/13/2022,111.80873395729188
151,1,26.989298156728804,6/14/2022,114.5049533318144
106,2,27.341213404133082,6/15/2022,113.28789089365256
96,6,26.617032849691775,6/16/2022,114.87774800989672
75,4,28.056823594297246,6/17/2022,111.98431048741837
163,6,25.22219613820552,6/18/2022,122.71155730704463
54,9,29.578111218443187,6/19/2022,113.32826435693369
133,8,22.880488618430004,6/20/2022,119.99443805963499
101,1,23.719675680833515,6/21/2022,107.85008083222924
154,8,28.577952876893416,6/22/2022,124.13975433965916
103,9,30.66270918436479,6/23/2022,120.41081153520571
64,6,26.048884082536475,6/24/2022,109.92252676468233
110,5,29.36915067,6/25/2022,117.30436302528284
171,6,30.40001825081877,6/26/2022,126.84848178392188
70,6,32.204125983722975,6/27/2022,115.79720435306723
95,9,30.270274281355896,6/28/2022,118.79897727709037
183,4,25.103368692052097,6/29/2022,123.18946784358764
87,2,24.154313782440937,6/30/2022,108.6001318133975
111,9,31.039727198052166,7/1/2022,122.15565544476993
135,2,27.74448182423813,7/2/2022,115.61170261912034
127,9,31.449346539281112,7/3/2022,124.24307427084122
95,2,29.626483201547064,7/4/2022,112.82900764070914
190,8,29.696481580615703,7/5/2022,130.41566330220465
52,9,29.04178367664444,7/6/2022,112.06158286746214
55,9,28.41675442,7/7/2022,112.7722413
142,9,25.873970812174967,7/8/2022,122.43576177886959
57,2,28.778856466980415,7/9/2022,107.0311025643768
157,4,28.998803115441543,7/10/2022,122.61183330360572
124,7,31.91137834384465,7/11/2022,122.07753904870906
126,2,28.30976983,7/12/2022,115.42830869220809
99,1,29.283643703899376,7/13/2022,111.10924167320573
60,3,27.507300630021106,7/14/2022,108.75894897955004
144,4,29.9218249,7/15/2022,122.10585158316913
119,8,30.78313195378098,7/16/2022,122.10421603491578
65,6,32.61269714290004,7/17/2022,115.86060694237867
117,2,27.273875362256675,7/18/2022,114.0165992968418
148,9,30.62692183329708,7/19/2022,126.1141362408361
97,2,26.354577310247752,7/20/2022,111.27296988956525
113,5,23.86658351835495,7/21/2022,114.99138867982045
139,4,27.916581851826702,7/22/2022,119.5157691922577
125,7,32.446976027619925,7/23/2022,124.2120055025275
188,8,29.540746546459992,7/24/2022,129.51901824017773
150,5,29.014321281216535,7/25/2022,121.9536717753025
138,5,25.983755086477004,7/26/2022,118.84472612694628
67,2,28.223648855361958,7/27/2022,108.1032649551901
68,8,24.439333153374257,7/28/2022,112.95509367628378
104,2,27.657272074849555,7/29/2022,112.9024227825566
151,6,26.769825657373797,7/30/2022,122.59826434462565
167,8,26.44004570469663,7/31/2022,126.18366202366245
183,6,26.81371783175732,8/1/2022,126.48292503603898
53,4,28.828018680293212,8/2/2022,108.7818877763102
157,4,26.06673775802523,8/3/2022,120.85653408753808
164,6,26.59307791951442,8/4/2022,123.63873449575931
78,4,25.71252376390412,8/5/2022,110.07165480322409
108,8,27.65357629936124,8/6/2022,118.34290366166488
174,9,25.673558542560055,8/7/2022,125.65963858612618
147,1,25.101397704646615,8/8/2022,114.30640991891647
66,4,23.812166094551596,8/9/2022,108.27517500324352
156,4,28.887570824631013,8/10/2022,122.2980743710527
92,2,25.63224197003793,8/11/2022,110.57035370699208
129,6,21.91145221,8/12/2022,117.8419802045869
57,3,22.184777498926834,8/13/2022,106.5513173791386
190,7,26.18244174228264,8/14/2022,126.89867357501691
155,5,21.80795774090894,8/15/2022,120.72570952272015
57,4,28.714709795723472,8/16/2022,109.64753559172054
145,5,27.204342611092027,8/17/2022,120.8150787849919
143,8,20.257275312087593,8/18/2022,120.01191989538594
114,3,20.48610095113633,8/19/2022,112.97415468221104
88,7,23.99394492378408,8/20/2022,114.7973807019437
130,6,20.107727526742565,8/21/2022,117.95369283789395
133,1,17.889966582446093,8/22/2022,111.81579215782627
137,7,19.569589292388887,8/23/2022,119.39738741291114
135,7,25.217348015423994,8/24/2022,120.41010825632542
142,1,25.44523482052919,8/25/2022,114.77310536044153
135,9,22.546374060355724,8/26/2022,120.26443240567593
93,6,24.101587031016706,8/27/2022,113.71230926688361
186,2,21.435404358792827,8/28/2022,120.65182325882873
123,5,18.65369797433831,8/29/2022,115.86886666079027
85,4,23.41952861666211,8/30/2022,110.76036719252792
150,7,18.06731068043294,8/31/2022,121.91718237112707
153,8,18.991580847871862,9/1/2022,121.6812024260752
115,1,22.11063455000883,9/2/2022,109.7142557230319
104,5,16.556872943857663,9/3/2022,114.25423862593871
140,3,19.783735333670503,9/4/2022,116.13056775478996
71,1,19.43200452212737,9/5/2022,103.92795660034388
150,3,16.62049623180842,9/6/2022,118.05949283443002
170,6,14.374389617774805,9/7/2022,123.6215570188343
142,7,20.415497008122504,9/8/2022,119.93252782183197
157,8,16.22786282598102,9/9/2022,123.0329732799495
190,4,17.106331886156468,9/10/2022,123.49553825512929
59,3,18.068880902874742,9/11/2022,105.89078486163588
58,5,19.048122050646267,9/12/2022,107.69457645256298
83,9,21.634293533572034,9/13/2022,114.66075110070099
178,6,18.837957941592613,9/14/2022,123.52762381332627
138,9,16.641337691030603,9/15/2022,121.54012628133435
142,6,19.893602531774683,9/16/2022,119.51378268433723
120,2,15.61754125884434,9/17/2022,113.354132
116,5,17.376932462951704,9/18/2022,114.98634936788292
197,9,20.018911209104424,9/19/2022,127.20967555573773
166,8,18.130820461929247,9/20/2022,123.72886685219328
143,7,16.01530144075883,9/21/2022,121.0944238385886
148,1,15.293307872472997,9/22/2022,114.28621982906995
162,4,11.96560395151998,9/23/2022,122.5258144223672
152,7,16.605210260224155,9/24/2022,122.70374527846802
140,7,13.720325378494445,9/25/2022,120.84679595502813
139,6,16.50876733748468,9/26/2022,119.83037535974225
66,8,15.837615635781734,9/27/2022,110.952384
67,6,21.558728074075002,9/28/2022,110.30969721276179
165,3,15.79599699244218,9/29/2022,114.9949846
142,4,13.40344841111327,9/30/2022,114.4690529
140,3,9.622840567502948,10/1/2022,114.9580237
131,1,13.483684190957508,10/2/2022,118.0973205
117,5,12.99595082492892,10/3/2022,122.2412074
163,1,5.783782345976037,10/4/2022,127.5963419
50,1,9.651331219398049,10/5/2022,109.8715382
107,2,14.47483388154025,10/6/2022,116.725098
158,4,12.458027554188364,10/7/2022,116.403529
197,6,13.343727272106285,10/8/2022,123.1429383
165,8,8.084192537,10/9/2022,123.9036235
136,3,11.441010758446293,10/10/2022,113.7515365
59,1,14.849501029857215,10/11/2022,98.08763784
108,3,11.98620585654482,10/12/2022,110.7209509
90,3,7.051171980404477,10/13/2022,110.1594771
154,5,12.94310358,10/14/2022,116.5335985
182,4,10.69949882854936,10/15/2022,121.3694418
171,4,7.2159640994702485,10/16/2022,122.6696299
194,9,9.244391222198402,10/17/2022,127.4800991
71,7,8.706299847704063,10/18/2022,109.0969991
147,4,10.794587804641957,10/19/2022,116.3577736
117,3,10.203281355930244,10/20/2022,111.881982
188,6,6.488469460694318,10/21/2022,127.5424614
105,3,8.431885670184588,10/22/2022,111.9785929
198,6,9.977613394112685,10/23/2022,125.3541441
148,9,9.953352631726442,10/24/2022,120.7181747
125,6,11.68328621544605,10/25/2022,114.1042252
75,4,7.653827459575309,10/26/2022,109.9807444
164,5,9.727287418993336,10/27/2022,120.3144947
196,6,5.923119523503514,10/28/2022,128.6379723
158,3,1.0138593204457047,10/29/2022,127.3499194
96,8,8.320745642035599,10/30/2022,114.7245012
120,4,5.757719017278023,10/31/2022,116.7912762
89,8,6.624398635632617,11/1/2022,115.9870683
182,3,7.814436656875038,11/2/2022,123.2272922
198,7,11.438940191859995,11/3/2022,125.1292256
181,9,6.567681178363121,11/4/2022,128.2336765
72,4,1.106041974766419,11/5/2022,118.0810127
155,8,5.668291190016613,11/6/2022,126.1383927
133,3,3.5849354599986913,11/7/2022,120.5393305
192,7,0.9284651186508879,11/8/2022,135.0489635
165,3,4.057267672,11/9/2022,124.3800446
158,7,2.0181709300434534,11/10/2022,129.5710084
185,6,5.000593040181631,11/11/2022,128.9773924
90,2,5.955414486,11/12/2022,110.835796
161,3,3.467844107192895,11/13/2022,124.4190859
196,6,5.941475302206577,11/14/2022,128.3461637
161,4,0.8454037459952972,11/15/2022,129.6637159
152,6,2.6540144518344486,11/16/2022,126.8378776
95,1,0.23841522104044022,11/17/2022,116.2339587
117,1,2.6842721041062227,11/18/2022,114.8138442
171,3,2.3447445076688873,11/19/2022,127.095034
64,8,3.229571601,11/20/2022,116.0170347
178,8,5.060262245620548,11/21/2022,128.6837845
160,4,-2.806445959,11/22/2022,134.670463
73,6,6.419566240769609,11/23/2022,112.3236743
76,8,1.235572709270485,11/24/2022,120.2359566
89,7,0.6445785215192349,11/25/2022,122.2100248
73,7,1.670886283391613,11/26/2022,118.5565836
73,4,1.335506095,11/27/2022,117.0044972
53,9,-1.47450106,11/28/2022,121.8619092
116,6,-2.036619896,11/29/2022,130.3092005
83,3,-1.738709238,11/30/2022,122.0314262
165,5,-0.431881172,12/1/2022,131.7516378
72,5,-2.097813279,12/2/2022,123.4276574
158,5,-1.3057921,12/3/2022,132.5865157
118,8,4.299936190734008,12/4/2022,122.5239112
144,9,2.3703949259189776,12/5/2022,128.0379941
111,9,-7.127675121,12/6/2022,141.22783
106,6,2.1940098803326924,12/7/2022,122.3869298
103,6,-0.625567866,12/8/2022,127.5402857
119,9,-1.497930242,12/9/2022,131.0281306
150,4,-2.129226924,12/10/2022,132.816399
106,6,-2.766791798,12/11/2022,129.6447349
187,4,-3.502316592,12/12/2022,139.6813618
184,1,-2.182873882,12/13/2022,132.8466753
152,7,-1.384760287,12/14/2022,134.2843155
134,6,-3.669075689,12/15/2022,134.8084328
110,9,0.42116665,12/16/2022,127.4585557
52,7,-0.686376726,12/17/2022,120.4075755
177,7,1.8055647160657118,12/18/2022,133.0310166
135,2,-1.661093449,12/19/2022,127.7415683
96,9,-3.211251364,12/20/2022,130.7936466
125,9,0.48701856201861504,12/21/2022,128.3719618
87,6,-1.981798759,12/22/2022,125.6205273
190,3,-0.746499086,12/23/2022,134.5724217
136,1,-2.292734985,12/24/2022,126.9185628
107,4,-2.615622085,12/25/2022,128.3156879
99,3,-0.413378997,12/26/2022,121.2037441
79,1,0.27425600703281416,12/27/2022,114.3679797
150,3,1.742064263681373,12/28/2022,125.632889
74,4,-2.870210538,12/29/2022,124.6062093
161,8,4.087597507948752,12/30/2022,127.9339845
175,9,-3.701394404,12/31/2022,142.8086957
172,3,-1.875798544,1/1/2023,132.7402753
96,6,-1.062432113,1/2/2023,125.3623476
167,5,-6.702690952,1/3/2023,144.9316047
88,6,1.3658527546422685,1/4/2023,120.8965134
65,4,1.733139562263307,1/5/2023,115.096093
71,6,1.3183665105900308,1/6/2023,119.010402
103,7,1.7723277343755273,1/7/2023,122.8306897
198,9,-3.124730245,1/8/2023,143.7011391
65,7,-1.486515637,1/9/2023,122.0578281
108,6,-0.033218299,1/10/2023,125.7396213
80,1,-2.320362758,1/11/2023,118.5142066
81,2,-3.610591759,1/12/2023,124.6761486
58,1,0.4738902849926081,1/13/2023,110.8154997
188,9,4.459826102,1/14/2023,131.3663938
59,9,-1.299834109,1/15/2023,123.3210393
66,7,-3.555887442,1/16/2023,126.0679749
117,2,3.6278804395250095,1/17/2023,116.672756
97,6,1.6378640716889479,1/18/2023,121.9286252
160,4,0.714813202,1/19/2023,128.7143018
172,1,-4.015689824,1/20/2023,134.924033
198,1,2.0168449381793936,1/21/2023,127.533218
150,5,-3.158715474,1/22/2023,134.9826478
151,2,-0.515347402,1/23/2023,128.1415684
114,4,2.7833904267455827,1/24/2023,119.829619
100,1,3.2372906992291606,1/25/2023,114.1547684
85,4,0.2974230199297223,1/26/2023,119.6802772
130,6,2.7281201605896954,1/27/2023,124.884297
176,4,0.24018057152973005,1/28/2023,132.9352241
137,1,-1.228352114,1/29/2023,124.5155949
153,7,-1.344743016,1/30/2023,133.8943949
64,2,3.6450248429198293,1/31/2023,110.0532426
145,9,-3.846581339,2/1/2023,138.0285247
172,3,1.9938968337459018,2/2/2023,127.8020463
50,8,3.625061295027767,2/3/2023,114.5426603
171,8,5.188891170877708,2/4/2023,128.0585878
175,3,5.623529752919999,2/5/2023,123.8710596
106,4,4.825588954677773,2/6/2023,116.4158077
130,2,2.9879967475053273,2/7/2023,118.9794812
122,4,7.097734180769078,2/8/2023,117.2989669
190,9,2.372394131551688,2/9/2023,133.5799271
119,2,3.2550741871898166,2/10/2023,117.6931978
55,3,1.4467512979373294,2/11/2023,113.8700903
133,4,2.110743966418732,2/12/2023,124.5113312
101,5,4.903193426227927,2/13/2023,117.0084184
52,1,7.925950406,2/14/2023,102.0163281
130,7,3.9261410373348054,2/15/2023,123.1388929
112,7,0.7469043464081281,2/16/2023,126.2907238
98,9,6.043513789,2/17/2023,118.6671291
125,4,0.9493343195459629,2/18/2023,123.8405552
161,6,-0.959593643,2/19/2023,134.0004431
158,2,3.992939419120872,2/20/2023,121.7949535
114,4,4.966272466495503,2/21/2023,117.8187333
130,2,4.676668410673454,2/22/2023,117.0148754
64,5,4.778590870590346,2/23/2023,111.3793063
149,7,8.137981606447813,2/24/2023,120.7155737
81,1,5.539962611312716,2/25/2023,107.7616481
145,7,9.403261886382424,2/26/2023,119.4184769
177,6,9.131549654072796,2/27/2023,122.1230472
195,6,6.621818735528154,2/28/2023,128.151589
162,8,7.186967475627299,3/1/2023,123.7440345
132,8,9.257231721640947,3/2/2023,118.7091419
92,6,6.017929911326225,3/3/2023,114.7732289
165,3,5.4439370291984845,3/4/2023,121.6033266
127,5,6.852716570458382,3/5/2023,118.191147
107,2,8.893001518820599,3/6/2023,110.0664054
82,5,7.552334467042189,3/7/2023,111.7871387
63,9,7.836146167914314,3/8/2023,112.4744615
181,1,9.576269127458197,3/9/2023,117.3982148
108,5,8.784906288861107,3/10/2023,114.9709493
132,6,10.258789087377572,3/11/2023,116.4869544
183,7,5.3928359143331726,3/12/2023,128.0907555
170,9,14.005542929906001,3/13/2023,121.3280866
132,6,11.804600739134319,3/14/2023,116.5311609
76,5,10.629651127368751,3/15/2023,107.8007978
129,7,8.437649484184707,3/16/2023,119.1631728
183,1,11.22187404139088,3/17/2023,116.3155713
62,5,14.615543168028816,3/18/2023,104.0798417
113,2,8.724198888951891,3/19/2023,111.8603115
196,4,13.990383768783184,3/20/2023,120.2600687
129,7,8.542241341,3/21/2023,118.6934156
172,5,16.558404660657384,3/22/2023,117.6966404
92,6,12.37391520892759,3/23/2023,115.65817052088207
138,2,9.892417729332761,3/24/2023,118.51065938308051
197,3,9.091909029400805,3/25/2023,128.61960920381676
144,7,12.564911134180837,3/26/2023,122.37165477269649
51,2,9.861481073,3/27/2023,106.9499302235803
169,6,10.016071690992913,3/28/2023,126.5465130334636
71,5,14.020988193596231,3/29/2023,110.81909740629712
164,1,17.04480589819947,3/30/2023,116.17283098001506
106,4,14.652199347521616,3/31/2023,114.36351911974918
121,2,16.36843597025694,4/1/2023,112.72766411095373
56,4,13.09672553331528,4/2/2023,108.6669543678478
168,1,16.715396394469767,4/3/2023,117.72675146836565
163,2,13.193259115761823,4/4/2023,119.02701542646255
65,8,13.397125116777506,4/5/2023,112.8588414843314
132,6,17.189612871532645,4/6/2023,117.93830336860043
121,2,21.053708460385447,4/7/2023,111.76783322245099
173,6,18.60999200744625,4/8/2023,124.06975156656875
162,9,17.046273452073482,4/9/2023,123.55009770302638
61,7,18.89830282161442,4/10/2023,109.57337851830167
175,9,18.976361784689864,4/11/2023,124.97754666561607
102,5,15.899437675947151,4/12/2023,115.22527592849761
124,7,12.332179000568269,4/13/2023,119.89575859896185
182,7,18.676938204421067,4/14/2023,124.60243463183878
76,3,16.078609604533767,4/15/2023,108.04963432558755
189,7,21.845276649052416,4/16/2023,127.22417792066031
194,1,17.407634372714895,4/17/2023,119.6619561361654
183,9,18.035109429645264,4/18/2023,126.4845728599336
146,6,20.94505375082451,4/19/2023,120.58238127423002
54,5,22.02248799359647,4/20/2023,107.97233046393467
106,7,10.823022641008775,4/21/2023,118.12436193217926
127,5,20.141082315764876,4/22/2023,116.13930039025212
118,5,17.862339891093146,4/23/2023,115.28214973814278
167,7,20.661849365209445,4/24/2023,123.02061089133679
169,7,20.42270377649019,4/25/2023,123.86426385532195
108,3,23.108302577087766,4/26/2023,112.34641496868733
82,3,22.163698453331424,4/27/2023,108.69765111364606
111,3,24.452187651845197,4/28/2023,113.1715447684964
99,6,20.474048209081623,4/29/2023,113.45756950472395
161,6,22.304818468952217,4/30/2023,122.7187552
68,3,22.50950820833719,5/1/2023,106.75857788164478
172,3,27.20832778252859,5/2/2023,122.26777531121604
96,8,22.69134450578002,5/3/2023,115.2438541641776
82,8,19.86967188940291,5/4/2023,113.19406682017718
190,7,20.095358264850073,5/5/2023,125.93013550329007
133,4,24.264907473018432,5/6/2023,117.64731986486895
184,4,22.345413895475495,5/7/2023,124.25520215809829
128,3,29.67839033171398,5/8/2023,119.13166413587828
63,5,23.713431548338683,5/9/2023,107.57312112451788
196,3,23.328401219649493,5/10/2023,123.72044674952858
177,8,22.996223143917806,5/11/2023,125.06987059187156
103,7,22.256614693734477,5/12/2023,115.42364812824914
197,3,25.307297672564143,5/13/2023,125.09246430393156
78,9,27.34271492110134,5/14/2023,114.36278895311051
73,5,24.77372912716623,5/15/2023,110.92865215700488
131,9,29.62143410285318,5/16/2023,123.24804628519033
112,7,27.062599238324665,5/17/2023,117.88806946865175
154,7,24.769523954547807,5/18/2023,122.64972035920914
106,6,31.177339566232988,5/19/2023,119.38547312849354
185,2,26.22581209500182,5/20/2023,122.51950738352605
111,9,22.49447906605763,5/21/2023,117.15535436742233
66,6,30.995575099909587,5/22/2023,114.8463161454348
115,8,28.762257338589645,5/23/2023,120.04163954496819
55,1,26.41426291696905,5/24/2023,102.00077520762977
107,5,31.172628333829884,5/25/2023,118.37861352188605
118,1,26.987998872686312,5/26/2023,111.56895951247436
111,8,22.118319428752947,5/27/2023,116.9391191124033
131,8,31.476923625645114,5/28/2023,124.17932296979765
120,1,23.76922138731128,5/29/2023,110.18536390539559
180,9,31.907547355765235,5/30/2023,132.37856579203228
59,2,28.64113530890988,5/31/2023,107.83989601884612
147,9,33.852662583909556,6/1/2023,128.5305596545744
138,1,25.55955097643058,6/2/2023,113.07005095367352
84,9,29.331310505520275,6/3/2023,117.16912614842917
51,4,29.190142974318785,6/4/2023,109.01589465275404
173,9,30.11795111,6/5/2023,127.63337630050714
73,7,29.81266492,6/6/2023,114.42802863991443
123,6,29.546189192754937,6/7/2023,120.71942203823033
71,5,25.70539539386222,6/8/2023,110.65931333184906
88,9,28.55551068,6/9/2023,116.50499460554215
69,2,29.244062591629632,6/10/2023,108.5320646365342
90,2,29.34704620804905,6/11/2023,111.47947777965953
197,9,30.27276846082305,6/12/2023,133.56705156422066
157,3,30.409936077476114,6/13/2023,122.51982047517645
196,8,26.27213471202662,6/14/2023,128.65333699554282
133,9,30.72682572085476,6/15/2023,125.3142825954088
160,8,30.24376814747224,6/16/2023,127.22448497530917
115,4,27.812551031062217,6/17/2023,116.00715392621424
102,1,31.588469454395582,6/18/2023,112.87221736564102
83,4,29.68344397288914,6/19/2023,113.47035871904512
199,9,27.79788841002374,6/20/2023,131.06366657758218
116,2,28.929145248401536,6/21/2023,113.99659267456781
183,3,32.58220731450946,6/22/2023,127.15900417619682
76,8,31.614011760518707,6/23/2023,117.1464837420592
59,6,26.681255285700068,6/24/2023,109.8648973697687
122,8,29.244410652457393,6/25/2023,121.81104908129409
145,7,28.949800900598973,6/26/2023,122.90395858184922
97,5,30.628532990586734,6/27/2023,118.2864673
119,9,30.65103311013132,6/28/2023,122.4456028675581
149,4,31.351652461071875,6/29/2023,123.4785836727097
108,6,33.89699144521538,6/30/2023,122.52904823781083
51,2,29.163217498658966,7/1/2023,106.40983032506756
114,2,25.313034347111344,7/2/2023,113.00606718721704
132,2,36.264731948450915,7/3/2023,123.90654563488694
59,7,29.14620863323767,7/4/2023,112.24164475023095
102,2,32.56050515187088,7/5/2023,115.15157416598193
128,2,31.29307575997022,7/6/2023,118.23244077559202
108,9,32.32843680419692,7/7/2023,123.06658463273237
199,7,29.02944953225976,7/8/2023,129.78112462821636
97,3,30.12251504879754,7/9/2023,114.3609603189162
198,3,22.15233741346554,7/10/2023,124.2685782048912
172,7,34.12291641851448,7/11/2023,131.07257825057215
71,5,26.921660717207946,7/12/2023,110.7515187050534
149,6,30.27407940275779,7/13/2023,124.16477001642217
147,8,30.26371140340431,7/14/2023,125.94680180976087
74,9,27.486551936157536,7/15/2023,114.99441100484631
77,1,28.37922519276657,7/16/2023,107.85169918294062
162,3,32.897637862976914,7/17/2023,124.87016457753198
94,7,34.750983767881806,7/18/2023,121.83951106785418
117,6,31.19321258,7/19/2023,120.79679198075337
56,7,26.839357661826117,7/20/2023,110.54360151548838
98,8,34.53992537917861,7/21/2023,122.66102708199165
186,6,28.07230718097798,7/22/2023,127.69007124306496
132,3,32.048341451205715,7/23/2023,119.8672340144551
178,2,32.37027882516002,7/24/2023,125.52196363206973
187,7,30.65640158787033,7/25/2023,130.9804313961249
122,1,28.576628236811423,7/26/2023,113.13154820908508
95,3,26.632430707896354,7/27/2023,111.6155429567394
155,4,31.220954934293463,7/28/2023,123.41005490694947
81,1,32.878383610482565,7/29/2023,111.56478183317972
55,5,31.125505581895343,7/30/2023,112.95683371347631
194,3,30.47375738071199,7/31/2023,127.42090150689087
123,2,28.30870525215975,8/1/2023,114.95862881087858
163,3,29.414324340074216,8/2/2023,122.1188207658096
76,8,28.71838802386044,8/3/2023,114.24724084519669
103,6,24.98464412636306,8/4/2023,115.35297992985868
134,7,26.489864681431378,8/5/2023,119.72908946815011
176,6,28.635898258607178,8/6/2023,126.9907487144938
160,6,24.994940743578685,8/7/2023,122.87000893236382
64,3,28.00125944960102,8/8/2023,108.71851990807833
181,8,31.044522542372746,8/9/2023,130.61799177598746
142,7,29.923372105932362,8/10/2023,123.84497416788872
172,7,25.71734589,8/11/2023,125.4048596877534
122,6,21.83718019683285,8/12/2023,117.2881668119335
196,5,23.883617251316302,8/13/2023,125.87241001589308
141,8,29.547799023923968,8/14/2023,123.28439856120195
66,5,26.832760126860386,8/15/2023,111.6655378836572
92,9,28.266053054401155,8/16/2023,117.20084872647368
170,9,23.243986100113432,8/17/2023,124.89157742980322
90,1,23.085924472944317,8/18/2023,106.73346891483824
88,6,20.03086859988242,8/19/2023,112.22564570039617
162,7,27.905090249609422,8/20/2023,124.29283176642323
160,3,28.999873920334657,8/21/2023,121.21793273641751
96,7,24.685297010574637,8/22/2023,114.42976794325709
112,7,21.801003426890155,8/23/2023,116.4075315824089
159,2,26.924549782467693,8/24/2023,118.58965897980727
118,7,26.38375325597719,8/25/2023,118.92378207481525
92,1,25.304557474240152,8/26/2023,107.40078583805672
83,5,22.617290115044135,8/27/2023,111.11282828414792
89,9,25.669174707057216,8/28/2023,115.55937192114689
110,7,19.441285053328873,8/29/2023,115.31868477114904
111,7,24.031729458988544,8/30/2023,117.25311063001165
107,2,23.13770086269117,8/31/2023,110.94927831104849
124,8,21.088804674520052,9/1/2023,118.2044593255762
65,3,20.87907769734551,9/2/2023,106.24580505986847
131,8,22.450612839157078,9/3/2023,119.09754889816702
143,3,22.673730055914824,9/4/2023,116.20013279425662
97,7,16.695192322158263,9/5/2023,113.90580111104543
187,2,22.88507508177972,9/6/2023,120.33470008646847
131,4,20.95761377744569,9/7/2023,116.70646144859819
87,6,21.71426308,9/8/2023,111.91547890794165
176,9,22.635518738383436,9/9/2023,125.19169265838627
68,5,21.354128272160043,9/10/2023,109.69319438720225
112,9,20.855740265893502,9/11/2023,117.30595589825401
126,5,16.926986958066713,9/12/2023,116.17966475873095
180,8,21.631641758090506,9/13/2023,125.84613064632684
151,1,15.097349590109252,9/14/2023,115.65765721411427
114,7,22.97286307917795,9/15/2023,117.04555249627603
169,4,17.713751500647128,9/16/2023,121.28411574718604
140,5,18.950028285024263,9/17/2023,118.50288166242136
57,6,18.783411264211416,9/18/2023,109.0099536
122,5,16.437626453367624,9/19/2023,117.28326695007135
183,1,15.040616938485199,9/20/2023,118.55788617433609
156,9,13.296438048060361,9/21/2023,124.65053850165827
138,2,15.98901093232663,9/22/2023,115.32839600136326
88,9,18.034724773572883,9/23/2023,114.39738059582268
162,2,19.772360028050123,9/24/2023,117.75774819658832
77,9,17.53925098577501,9/25/2023,114.1150120464827
146,6,16.574175755709803,9/26/2023,120.10242104170896
86,9,18.97479943992766,9/27/2023,113.21646303473631
186,6,13.917623996027258,9/28/2023,127.3077069860841
131,6,15.69564558,9/29/2023,119.47942142753243
105,2,18.569552605369115,9/30/2023,110.5110254397327
134,8,15.62315831831455,10/1/2023,120.01823350781439
51,3,15.764941204451475,10/2/2023,105.82084985211027
107,7,14.056069749534533,10/3/2023,116.83544027665026
156,5,14.484454666569434,10/4/2023,121.29194187089206
172,3,10.54148322348732,10/5/2023,123.35301356585634
163,1,15.050300027474623,10/6/2023,116.46290994949723
156,8,15.954695184946463,10/7/2023,123.2759388986531
86,3,11.225064009960569,10/8/2023,112.24426624504353
128,2,18.069559802907108,10/9/2023,113.70929010640386
141,1,11.564181172763702,10/10/2023,115.32950744323378
67,4,15.106025494097034,10/11/2023,108.60210176339118
147,8,13.627723054102361,10/12/2023,122.97172841736636
112,3,9.816662145108808,10/13/2023,116.57819151508455
199,1,9.057444303955599,10/14/2023,125.53918248424637
188,4,9.413559375271063,10/15/2023,127.60064681208834
53,9,7.680301615729639,10/16/2023,115.25605890290714
184,1,7.561307158309402,10/17/2023,124.10945534775723
110,2,9.842626910493765,10/18/2023,114.56373036410238
156,9,12.091822036341597,10/19/2023,124.99393829225433
103,2,11.658464175197095,10/20/2023,111.74037237088854
137,3,10.995664976010127,10/21/2023,118.28272825884059
117,7,6.954031479075613,10/22/2023,123.2463686232733
178,3,11.471355556885069,10/23/2023,123.15464911559123
104,9,5.517653772865954,10/24/2023,124.6002928
52,6,6.288119359283881,10/25/2023,115.13957629300988
170,3,6.231147634930943,10/26/2023,126.96193022232666
178,9,9.869667748145261,10/27/2023,129.66686919853902
151,1,8.511160069152668,10/28/2023,118.97676899094157
87,3,7.912504182562494,10/29/2023,114.02631427099682
134,1,8.082523602,10/30/2023,117.50499584374509
182,2,5.890086848799077,10/31/2023,127.42939008945865
141,8,6.742165964420819,11/1/2023,126.71428205694716
70,7,8.862578031858938,11/2/2023,115.83175933802755
158,2,7.490774163107411,11/3/2023,123.13133239415393
96,2,7.041919107359433,11/4/2023,115.94234711051277
133,9,8.292013332,11/5/2023,125.17534999761241
132,6,8.780791560165977,11/6/2023,122.95093029564599
84,5,6.4996559796373266,11/7/2023,118.46071473746895
118,6,12.040010409332288,11/8/2023,119.49027142500512
178,9,1.4950521031250368,11/9/2023,138.7862404165996
189,7,6.741853085553784,11/10/2023,132.91093747150953
76,9,7.8977360043470055,11/11/2023,118.56261379790539
105,4,4.643920978468038,11/12/2023,122.16948615270982
72,2,7.8196285633820874,11/13/2023,111.36869312287335
70,8,6.0690044335238404,11/14/2023,118.7330901
110,4,6.339959304844763,11/15/2023,120.91285519490594
112,9,2.9016066881437848,11/16/2023,128.61678130138597
171,4,6.832311155556889,11/17/2023,128.94324380666973
101,8,5.192771213374872,11/18/2023,123.5899008697109
137,9,1.531010053041399,11/19/2023,133.21084829743438
104,9,4.112302494360114,11/20/2023,126.2057788611994
95,4,2.3364136279321945,11/21/2023,123.04943038018013
81,1,3.6315019110988835,11/22/2023,115.08162135885499
104,3,0.6255934139460425,11/23/2023,126.02800230940343
145,9,1.3862104275099556,11/24/2023,134.84133202439756
182,4,1.6991376124858153,11/25/2023,135.5742482917276
85,5,5.021772606290536,11/26/2023,119.51219061200669
159,7,4.080274971928665,11/27/2023,132.11155649178255
155,5,6.674676147210588,11/28/2023,128.11726419486172
107,4,6.508240874227949,11/29/2023,120.48741577754464
88,2,1.4869173123306876,11/30/2023,120.24129122251026
129,2,0.22558971592456079,12/1/2023,128.1164178712729
146,4,3.3476504151914668,12/2/2023,129.02596087144263
162,9,3.4568381144673292,12/3/2023,133.46644326857643
110,8,3.8777474200154987,12/4/2023,125.23012557572484
186,3,5.784858983069093,12/5/2023,129.4732396480374
55,9,-0.162103535,12/6/2023,125.18395167997869
158,5,2.968182391488982,12/7/2023,132.57037885242053
84,3,-2.888321174,12/8/2023,129.32698220532166
88,5,2.8863631563467522,12/9/2023,122.75751871258066
199,4,0.8259645516236722,12/10/2023,138.89162978416732
167,8,2.5792343268935976,12/11/2023,135.71882776058297
54,5,-3.264912518,12/12/2023,128.14420012926564
136,8,7.328460318,12/13/2023,126.21701083573865
125,9,-0.672092509,12/14/2023,135.5722327434699
106,4,1.337612343309159,12/15/2023,126.8812825264303
176,7,0.044645147809864394,12/16/2023,139.71046142386183
78,2,1.1216027891828695,12/17/2023,120.83129350462036
136,6,1.6727962116538193,12/18/2023,131.64107629529195
190,8,1.4074331693997961,12/19/2023,140.1773196
95,7,3.8883539400054934,12/20/2023,123.72204545656794
165,7,2.1248648396608627,12/21/2023,135.20893652420614
161,8,-0.881288029,12/22/2023,139.8045929296349
94,7,0.18772814347821679,12/23/2023,129.48314265731133
194,5,0.8298743624889698,12/24/2023,139.46446954897513
153,7,2.8955594769906323,12/25/2023,132.19431164567786
134,3,-0.344058987,12/26/2023,130.5350153
183,5,-0.061546447,12/27/2023,138.69251628626722
157,7,1.7327216098283063,12/28/2023,134.40619288699526
67,9,5.1814519186266885,12/29/2023,120.16850333699404
143,2,-3.241996868,12/30/2023,135.56304822080622
